{"cameraMode":{"drawMode":0,"name":"Shaded","section":"Shading Mode"},"sceneLighting":false,"audioPlay":false,"sceneViewState":{"m_AlwaysRefresh":false,"showFog":true,"showSkybox":true,"showFlares":true,"showImageEffects":true,"showParticleSystems":true,"showVisualEffectGraphs":true,"m_FxEnabled":true},"in2DMode":false,"pivot":{"x":9.5367431640625e-7,"y":6.322265148162842,"z":0.0018788054585456849},"rotation":{"x":0.01151468139141798,"y":0.9882521629333496,"z":-0.12247258424758911,"w":0.09214628487825394},"size":1.3426021337509156,"orthographic":false}