{"cameraMode":{"drawMode":0,"name":"Shaded","section":"Shading Mode"},"sceneLighting":false,"audioPlay":false,"sceneViewState":{"m_AlwaysRefresh":false,"showFog":true,"showSkybox":true,"showFlares":true,"showImageEffects":true,"showParticleSystems":true,"showVisualEffectGraphs":true,"m_FxEnabled":true},"in2DMode":false,"pivot":{"x":-0.3228861093521118,"y":6.086861610412598,"z":0.07866954803466797},"rotation":{"x":0.016897743567824365,"y":0.9810176491737366,"z":-0.1666814386844635,"w":0.09889347106218338},"size":1.3426021337509156,"orthographic":false}