{"cameraMode":{"drawMode":0,"name":"Shaded","section":"Shading Mode"},"sceneLighting":true,"audioPlay":false,"sceneViewState":{"m_AlwaysRefresh":false,"showFog":true,"showSkybox":true,"showFlares":true,"showImageEffects":true,"showParticleSystems":true,"showVisualEffectGraphs":true,"m_FxEnabled":true},"in2DMode":false,"pivot":{"x":0.8030809164047241,"y":6.992818355560303,"z":2.2591333389282228},"rotation":{"x":-0.039096806198358539,"y":0.9610180854797363,"z":-0.19610804319381715,"w":-0.19130884110927583},"size":0.324368417263031,"orthographic":false}