{"cameraMode":{"drawMode":0,"name":"Shaded","section":"Shading Mode"},"sceneLighting":true,"audioPlay":false,"sceneViewState":{"m_AlwaysRefresh":false,"showFog":true,"showSkybox":true,"showFlares":true,"showImageEffects":true,"showParticleSystems":true,"showVisualEffectGraphs":true,"m_FxEnabled":true},"in2DMode":false,"pivot":{"x":-0.06936979293823242,"y":0.43682861328125,"z":-0.12601613998413087},"rotation":{"x":-0.061992328613996509,"y":0.927312433719635,"z":-0.17767667770385743,"w":-0.32354387640953066},"size":2.096034526824951,"orthographic":false}