{"cameraMode":{"drawMode":0,"name":"Shaded","section":"Shading Mode"},"sceneLighting":true,"audioPlay":false,"sceneViewState":{"m_AlwaysRefresh":false,"showFog":true,"showSkybox":true,"showFlares":true,"showImageEffects":true,"showParticleSystems":true,"showVisualEffectGraphs":true,"m_FxEnabled":true},"in2DMode":false,"pivot":{"x":-0.01895124465227127,"y":5.989492893218994,"z":0.026619404554367067},"rotation":{"x":-0.037586577236652377,"y":0.8982589840888977,"z":-0.4309323728084564,"w":-0.07836087048053742},"size":0.3104003965854645,"orthographic":false}