{"cameraMode":{"drawMode":0,"name":"Shaded","section":"Shading Mode"},"sceneLighting":false,"audioPlay":false,"sceneViewState":{"m_AlwaysRefresh":false,"showFog":true,"showSkybox":false,"showFlares":true,"showImageEffects":true,"showParticleSystems":true,"showVisualEffectGraphs":true,"m_FxEnabled":true},"in2DMode":false,"pivot":{"x":1.0685853958129883,"y":5.491809368133545,"z":0.46201491355895998},"rotation":{"x":-0.04149783030152321,"y":0.09128517657518387,"z":0.003912889398634434,"w":0.9950153231620789},"size":0.4029141664505005,"orthographic":false}